,最新,7週間前,14週間前,21週間前,28週間前,35週間前,error
0,,goruvictoria,,,,"Yuiphoto888, tabestation, iiaamtmk",wasurenagusa_28
0,chococo_rp,,,,,"maco_sns, _hana_iro",
0,16tea24,,,,wayu_jiyu,"hiro_signore, KIYOHAR13911665, GosyuinOmikuji",
0,,,,,,,
0,,kasegu_master,,,,,
0,,Kyoto_Ryota_F,,,,"cobraptl, kamomioyajinja",
0,,,,,,,
0,,,,,,,
0,,,,,,,
0,,shakunone,,,yuridesign_vn,"bluelotus808, Omaoma2140, misatofikiitos, Akirin18, komaList0311, Rururuu_0406, FUKUGOD, kuroyoubi14","CS60osaka1, kashiwagi84"
0,,,,,,,
0,,,,,,,
0,,,,,toyokunishrine,shiitake7919,
0,fukufukugoma,,,,,"sunwindowhana, kumejirouskume1, sainokunihirosi, NIKOchan25, kinuehirokawa, RedBullakabeco","2022/10/14, 2022/10/11, 2022/9/27, 2022/8/23, tamagowomusita"
0,apricot_candy_a,,,,spi_uranai01,"ooya_jumasy8, kenkun_jinja, apricot_candy_a, fukufuk52988398, riemann_100, hanamar79700561","yuka_nexwave, 2022/11/28, KASUGASHRINE"
0,ADHD_O_chan,,,,,DjOr9qej8SvuWoe,"ADHD_O_chan, 1/9, 2022/11/28, 2022/11/7, 2022/10/30, 2022/10/24, MomomoM_m1"
0,,,,,,,
0,,,,,,,
0,sasahiro_lif,,,,,hellwanko,
0,,,,,,,
0,,,,,,,
0,aitamanegi,,,,,necononegot,
0,,mako_chie,,,,"ZiNmt6f, uranai_oushiza, kattsun0629","2qiaLo, manami_body, 1/6, 2022/12/27, 2022/12/8, Monjiro_2017"
0,,,,,,,
0,Haruka_Clear,,,,,,
0,,Kizashi_S,,,,accessLabo,
0,,,,,,,
0,,,,,,,
0,,,,,,"seimeijinja, Minazuki_Rion3, ritsuuranaishi, yopei1222, haruobb, suyasuyato3, yamachan_5LC",
0,radran20,,,,oki_1192kenko,"LpXk6, oki_1192kenko, Kagami_Ryuji, lilacblueblue, Takadakavoce",
0,Daisuke_F369,,,,zenji_nio,"aoejinja, MuseeMagica, makiakari","koshian_chiba, kaedechann3"
0,Ninna_ji,,,,,"uranai_yagizaa, ryujin8jinturki, mako0350, shion0x0x, charko11spi, mangayaro","2022/9/17, Kiuiage, hireakiju68"
0,,,,,,,
0,,,,,,,
0,,,,,,,
0,,,,,,,
0,,,,,,,
0,,,,,,,
0,,,,,,,
0,,,,,,,
0,,,,,,,
0,,,,,,,
0,badassceo,,,,,"satoko_blessyou, PBVcy7GiZoKFi2k, japan50032175, saeligood, kanon_itami_Try, sayuri825, NHJcxs4pPIlPX0Q, NHJcxs4pPIlPX0Q",
0,,,,,,,
0,,,,,,,
0,,,,,,,
0,,,,,,,
0,,jurinasuehiro,,,chirori_san,"coco_369_, maru_u001, t3zlwoCONg52AML, kae4649ne, kinoshita_nw","Carriekonkatsu, shiningerikafo1"
0,konnakareha18da,,,,,"ort100sup, meidiamond, 333twinray, sangenshabutu","yoshiminpower, hotaka_tsukada"
0,yaino_group,,,,,"koichi_kawakami, mahide8, yamagata88akira, mika_n_chan1994, nanami00463354, oM4MPkb5I75QZO9","e98SnMZJchhlqjt, 2022/8/8, miurennrenn"
0,nakisyozyo,,,,,prana_mana,"nakisyozyo, 1/9, 2022/12/17, 2022/11/28, 2022/11/23, kamihito_kotoba"
0,,,,,,,
0,,sadamasa_mori,,,,"kifunejinja, awata_shrine, oyumaru000, yymrtg, AoiKoyama1","sadamasa_mori, aya_gokigen"
0,,,,,,,
0,,,,,,,
0,TukitoRyu1,,,,,"MA1YU5MI, hitsuji_photos, hoikude0874, mocchiyinc",
0,,,,,,,
0,shibasaki_art,Drmiidr,,,,adafklpp,"maccya_book, uranai_sasoriza"
0,,,,,,,
0,mokojiinosu,,,jack_cho_bot,zaki_invester,"hbssPYaQq5LW, sid_vi_wing",9f9
0,,nanachan3168,,,,,
0,,,,,,"ih0701chibi, tesschiy, takane76639385",
0,,,,,,"yoshi1204no7, DenTaichi",
0,,,,,,,
0,,,,,,,
0,,,,,,,
0,,,,,,,
0,,,,,,,
0,gin_sneaker,,,,,"ysk_detox, v1vfWiQcOnLrNzN, mom_ac_hearcure",
0,,,,,,,
0,,miya_freelance,,,,"yattarou_shingo, USj06, chiko030828",
0,,tsushimacat,,,,"Atom_aiai, XIZ3Te42NA7sJTR, wjproducts1",TOYU_morikawa
0,,,,,,,
0,s_sadsm,,,,,"70days4f, SmileSmile_JP, s_sadsm",
0,,,,,yamotomahiro,"EQNWEjWWoYq0Gxk, sanrin_hikiyose, astrogeometry",Framboise_305
0,,,,,,,
0,nakashima001,,,,,"zekkie_0311, shun_chan20, motonoshymiaka, motonoshymiaka",nekotokotetu
0,,,,,,motoyassr813,
0,ReiTS14,,,,thistlebluemoon,"gosyuintaro, hagi880, mizuame__photo, waonm07",
0,,,,,,TakefumiKimura,
0,matsuokamayu8,,,,,,
0,,kotohanoko,,,,"dokuoyakaidoku, Rio_0728co",
0,Lookintothebox,,,,,poo35466865,
0,,,,,,,
0,,,,,,,
0,,keika_mia,,,,"teraoka_ganzan, NjXFI343s9SzE3d, wakannnaindesun",
0,daichi_u_,,,,,,
0,,,,,,,
0,,kirei_huukei184,,,,"whatmovemyhear1, whatmovemyhear1",
0,nanami2go,,,,,,"ryohin_jp, pA2rv7F9advpQLr"
0,_pryo_,,,,,"chijimi2021, Shindo21557572, asitanodeai, hikikomoridas",jyoukouin
0,,wotakumame,,,,seiseisei_11,
0,,fortune_5906,,,Sara11Sakura11,mariaaa3210,
0,,,,,,"twi_jinjya_, Casper95259831",
0,,,,,,,
0,,UKIJCvL2A3BVWCO,,,,"AkihiGFL2022, Ichiph, takeshi_zzz",
0,,,,,,,
0,,,,,,,
0,,,,,,"lisaco7567, Sinitai_zamurai",kaori_odoru
0,,,,,,,
0,,,,,,,
0,,fumu_moku,,,,,
0,,memo5paper,,,,,
0,YXUIRAIH,,,,,"kkym_yukiko, teako_survivor",
0,,,,,,shiki3u,
0,,nagare_aotsuki,,,,"sps03210301ayk, OUBAhLURUBr9YSq, ogu_hachiman, ojisansuhi, syamantaka, dp_9c8, bahtwi_, htma1102","shimizumari, 2022/9/6, 2022/7/28, 2022/7/14, time720"
0,,,,,,,
0,,,,,,,
0,,,,,,,
0,,,,eraku2020,,"ishikirishrine, oE7NUJAR5rgYc2m, rainbow_blue7, k_sakai1005, Pondmum1Mum",
0,,paw_stargazer,,"ichimatsu666, mamaguide3",,phrayuki,
0,,,,,,,
0,,,,,,"uunaar_fz1025, b7S4Qjk5fxgmTQH, mqa1En7Flf8tei4","2022/8/29, starry_sky_cm"
0,,,,,,chaff3sai,
0,,,,,,"okaka365, Takeshi63280322, Takeshi63280322",
0,,,,,,MasudaAkira6,
0,,ring6565,,,,,
0,SpiritLuca8,,,,,waikenjoy2,
0,,,,,,,
0,,beee80061643,_eboshi134,,,"Doihongou, Ichiph, takeshi_zzz",
0,,JsVgjPCXsP2e3GR,,,,"koji_counselor, 3moc6chiy9, mai__freelance, mk19900107, cohiroooocohiro","blumen8783, kazu_free116, 2022/12/5, enge_konnan, ifjXo6O0xE040ve"
0,,haru_2111,,,,,
0,,,,,,,
0,,hananichi8721,,,,"tmaxy01, kuma25n, Poche77085714","rei_zero21, CamuiAtu, Shwww9936"
0,,EiNaka_GADHA,,,,"mainichi_ugoku, Gzbv0P2D73zl0i8",
0,yukamm7,,,,,,
0,,alpha_thankyou,,,,"emmi__chan, kantama3_112",DangaiMisaki
0,,,,,,"bambi_amor4, arato_san, utsu_battle",
0,,oikawa_yukihisa,,sawauranai4,kanjihirota,"hinato_125, Denny_Fujimoto3, yumiman4, kittywh84693348",
0,sakurayuki_18,,,,,haruna3369,yukitomorinokoe
0,,,,,,macchin1031,
0,,cafelattelike1,,,,"zbWKZT9eo2jBqGI, chickeneater85",
0,,,,,,,
0,,fy6sdgx7AGH6AHg,,,,"yamato_3312st, kanagawa_Aki, GreatCornMan, Nick29291118, SATSU_MA_IMO",
0,,,musashi_soka,,,"DaiFit4, kiwafuyutsuki, natsu_aomori",
0,,,,,,,
0,,,,,,"cOm6O0xOOWWG7Dw, MJ40578369, lise_tarot, hidamari_kota33",
0,,,,,,,
0,,pentaxxx,,,,zC6LtJF6yRfsegE,snpp75
0,osushi365days,,,,,,
0,,daikokuusagisan,,,,kenken_uranai,kato_taizo
0,,anmaro_yumochi,,,,,
0,,,,,,,
0,,misiru43,,,,EmptyDumpty0,
0,,,,,,"tmjemxt, INTERNET_nannn_, Chance443",
0,coorai1973,,,,,Hkazuchan,
0,,Y4aWi,,,,yonepi358,
0,,,,,,"choco_mnk, bit_ravel",
0,,,kuwanasousha,,,"maemukimuji, kasumix6",
0,,snykt1,,,,,
0,,escape_no_e_yo,,h9_crm,,"sasacchi_y, living_707, sasacchi_y",
0,,,,,,,
0,sakuranotabi,,,,,soyokaze_2,
0,,,,,,anrimessage,
0,,,,,,,
0,,,,,distance_rino,"4nxv8H7SpyRJVJT, JinjyaTamada, setuna7rest, COCO84998706, COCO84998706","widebrightstar, 2022/10/7, 2022/9/12, 2022/9/8, utsubo_u2bo"
0,,uranai_kanizaa,,,,"roadside_flower, kazu_xyz777, commu_saori, maimai_moon_ss",
0,,mlqc77q,,,,"ichigoame3333, PzhZ7zR8UHW3aUl",
0,,,,,,,
0,,jinjahan0817,,,,"tFLlSEoZAB3zq6u, TUBE35990256, nanana65455973, yoru55kumo",
0,,,,,,nyaopon55,
0,,jinjasandou,,,,"esd5F310MOpF7y8, Freynya_Katoh, kobaheart0927",
0,,,,,,,
0,keep_Rie_minde,,,,,,
0,,186_waterlily,,,,oriii_chance,"2022/5/26, Tsurigane_mushi"
0,,,,,,,
0,,,,,,"flowerwhitesun, minori_kikuhito, Mei_phot0",
0,kyoshirok1,,,,,"mika_l0ve4u, WAXMOlP2pshEAkf",
0,,,,,,"capri_classica, TakeUshiku, kwai_yoo, kwgt_tts, Reinakasuga","yoshioka1632, 2022/8/30, 2022/8/3, 2022/7/30, Robert_6810_"
0,,,,,,"linne_flower, katotaizobot",
0,,utina_nntyu,,,,"tomozou_imaore, rin_yumegiwa, baekaika, aocharming_star",9O26ttdX7jMUMdB
0,harutouranai,,,,,,
0,,,,,,,
0,,,,,,"smiley_guidance, asaka_mystery31",
0,,,,,,,
0,,yuiphoto2,,,,kenken0019,
0,,,,,,,
0,,tortar101,,,nglfld,"eharahiroyuki, gomibakorecycle, 3289iikopug",HayatoSuzuki11
0,,VS7msFbctBNdksq,,,,"OgVZEBsIElrOpEr, liam1noel7",
0,,,,,,"riku_dct, noachann__oO, yauyuism",yusan26180810
0,,,,,,"notetantan, mei_traveller, gosyuin_kana",
0,kayochan8888,,,,,,
0,,bonchi0303,,,,HSP33966126,
0,,masyumaro_ayuyu,,,,phinullempty,
0,,TeacherhaGreat,,,,KNa_Tamaro,
0,,,,,,minnano__PAPA,miyabi07070
0,,yuyuyuonsendayo,,,,"yuyutasmile, manatea_0121",
0,,,,,,naothi888,
0,,,,,,destiny070888,
0,,,,,,Os__0114,heartblog1120\tgori_biz
0,,,,,,,
0,,,,,,,
0,,,,,,,
0,,PdoctorTomy,,,,narityx,
0,,,,,,"tstaroturanai, Hi_DesignFocus, Sen_taku_yasan, GsinOyaji, kagshuntravel",
0,masa_FScratch,,,,,"ropcshumi, T2Us3JUn6OeCySv, Ouka091117",
0,,mumuri7575,,,,,
0,plumyogamat,,,,,"maiko_otsu, realuspi, yuripon0723",
0,,RanRan358,,,finewezar,"yukimusi1809, rika0305rikisan",ForestStoryTime
0,,masa_counselor,,,,,
0,,,,,,,
0,,,,l5RbdIcC6CDPOq9,,harmonytwin8888,
0,,,,,,AjahnChahBot,
0,,manarinsakura,,,,"YMLL1q9Ez3gCm8f, freelance_yasu",
0,kiri__tsuki,,,,,"saori_shikisai, makomonosato",alohalanipie_hi
0,,,,,,no_idea_akira_m,lito_leafart
0,,Utuhare9,,,,aaaa836837393,
0,,rei10830349,,,,naosan_photo,
0,,ytOotJbbQWZfQLr,,,,,
0,eito8eagle,,,,,"tyu_hanka, jkbnx",
0,,taa_no_nichijo,,,,,
0,,arasaachan2022,,,,"t1MwR7AAB5yb0EM, Kumi_8889",
0,,,,,,,hinaren19
0,,amanouzume151,,,,444bot2,
0,,,,,,,
0,,Kana99letsgo,,,Purrinnnnnyanko,"k_tamago_power, Lunato_cat, 1996sayu229, hanakija38, hukuen_kiriko",romajunko123
0,,kb76448705,,hachimanshrine,,"matsu25612, iroha_spiritual, yuyatosaiun, MyxQmsqZGCdXl7Q",
0,,,,,,sinri_hsp,
0,,,,,,,
0,,,,,,kanon_shiranoi,"2022/11/14, 2022/10/13, 2022/10/11, 2022/9/13.ushijiro_umada, 2022/8/3.hiyokodayo13"
0,,,,,,"koganemushiwa, kazuki_kaiun, spihealing, shizu_ku_kirari, tsumugi_pt999",
0,Bb5Nobuo,,,,,"hiyoshi_jinja, yoshikawa8izume, monaka_fire, 358Riruru","2022/7/23, SceneryFavorite"
0,,,,,,,
0,,,,,,"usogoto, ushimadoshrine, hawk_master414, TRAGICMINE","2022/7/30, tatsu_oku, 2022/7/27, mentaru_33"
0,,,,,,Ukki2019,
0,,,,,,umibenisumitai,"tsuiokuno1, umibenisumitai"
0,,,,,m_turedure,"spec024, 0LfFK0zoxNkWOIm, moyori_35, quot_drtomabech",
0,,,,,,,
0,,InshokukenZen,,,taromyoo,"nogijinja_miko, iizuka_reibay, mamys0528, hiyori2020101, 9dUdCpuAqFwYAL","2022/11/28, 2022/8/18, 140words_recipe"
0,,DrYumekuiBaku,,,,hacchin1234,
0,harurasmile,MSYN738,,,,goshuinchou,
0,,,,,,,
0,,,,,,,
0,,coco_369_,yurieuranai,,no53go,"POEMI00001, co_ha_cu",ESQXeRaJCahzuk1
0,,,,,,,
0,,mate_hsp,,,,"nobuaki2711, Girrafe24, YUKINOWILL, nishinishi_kun",
0,,,,,,,
0,atsuyuki_sales,,,gttr4500,grapeand_story,"gttr4500, mikonikoeco",enchantoyou
0,,aikotoba_salon,,"aokiachievement, coach_watanabe",,"RHN25252022/11/28, 5IYsb2l0Jhoxck7","2022/9/2, myself32sp"
0,,,,,,,
0,,,,,,,
0,,935_gol,,,,sabotage1113,
0,,,,,,,
0,,,uezuss,,_coco_007,"mikikai2, kokoroyutakaniT, mocchi_pri, uraotoworld, erika_mental, horus_speak",
0,,,,,,sohdai_SENSAI,
0,,,,,takeshi04031,"iku_kosei449, utuutukuni",
0,,,,,,kimi_10_shiromi,
0,,mari_kigyo,,,,"yubeshichan300, spreadworldjpn, GAJ8zLAyhQgmrwg","2022/8/2, kii_voielactee"
0,,,,,,,
0,ai_kotodamamind,,teretasu,,,"emu_konkatsu, yukikaoruko","2022/5/26, myannta69"
0,,,,,"kOADXUbNAiDqBG5, nao63013944","nakato917725, on_promethe",
0,SatsukiLaw,,,,,"TETSU_aaa, Junharu3361",
0,loalivekily3,,,,,"NE6PofR1Ns35VEk, heyy_ime, smilepeopleinj1",
0,,bekkaku_,,,myon_344,"RIPSLYME5, katakana_miwa, Ishita32100826, sakurajapan72, megumu09418486",
0,,,,,,,
0,,,,,,,
0,,,,,,,
0,,,,,,misiru_,
0,,,,,,,
0,uranai_itezaa,,,,,"notekat, YMidori35, nishinishi_kun",
0,,,,,,"jIZcft8e3OLjclP, ikeike3103",
0,,,,,,,
0,,aogakusei_,,,,lulai_lune,arai_LD
0,,,,,,"necoyama_neco, towa_wellbeing, 8Tj6NpuIfCMwEYO, fu_majime66",uranai_uozaa
0,,kurimi758,,,,,
0,,,,,,"chi_ku4_ari_nco, mu_haruhi",
0,,,,,,"EriPureStar1212, kotone7biyori",
0,,,,,,"finewezar, maka_hisho, nagomu__toki, BUdhiSQgjmgiLbH, nekMustang",
0,,,,,,"otokohone23, cocopics_tsa, SyunMk",
0,miwajinnjya,,,,,"kuu73114, Incantation_clb, yuni_lovemyself, KahokoTsunezawa",senkonman
0,,,,,,,
0,,ESQXeRaJCahzuk1,,,,,
0,,,chiimama0409,,,triodiary,25_ni_ko_
0,,,,,,,
0,shirohebijinja,,,,gororin_dararin,"1shinchan6, goshuinchou, mikkichan11one4, piyo_happyoko, nabe_magic",
0,,,,,,"adgopwpm, meiwaplatech",
0,,masayachiba,,,,,
0,,,,,,,
0,,,,,,,
0,,goruvictoria,,,,"Yuiphoto888, tabestation, iiaamtmk",wasurenagusa_28
0,chococo_rp,,,,,"maco_sns, _hana_iro",
0,16tea24,,,,wayu_jiyu,"hiro_signore, KIYOHAR13911665, GosyuinOmikuji",
0,,,,,,,
0,,kasegu_master,,,,,
0,,Kyoto_Ryota_F,,,,"cobraptl, kamomioyajinja",
0,,,,,,,
0,aya_sinmama,,,,,,
0,,,,,,,
0,,,,,,,
0,,shakunone,,,yuridesign_vn,"bluelotus808, Omaoma2140, misatofikiitos, Akirin18, komaList0311, Rururuu_0406, FUKUGOD, kuroyoubi14","CS60osaka1, kashiwagi84"
0,,,,,,,
0,,,,,,,
0,,,,,toyokunishrine,shiitake7919,
0,fukufukugoma,,,,,"sunwindowhana, kumejirouskume1, sainokunihirosi, NIKOchan25, kinuehirokawa, RedBullakabeco","2022/10/14, 2022/10/11, 2022/9/27, 2022/8/23, tamagowomusita"
0,apricot_candy_a,,,,spi_uranai01,"ooya_jumasy8, kenkun_jinja, apricot_candy_a, fukufuk52988398, riemann_100, hanamar79700561","yuka_nexwave, 2022/11/28, KASUGASHRINE"
0,ADHD_O_chan,,,,,DjOr9qej8SvuWoe,"ADHD_O_chan, 1/9, 2022/11/28, 2022/11/7, 2022/10/30, 2022/10/24, MomomoM_m1"
0,,,,,,,
0,,,,,,,
0,sasahiro_lif,,,,,hellwanko,
0,,,,,,,
0,,,,,,,
0,aitamanegi,,,,,necononegot,
0,,mako_chie,,,,"ZiNmt6f, uranai_oushiza, kattsun0629","2qiaLo, manami_body, 1/6, 2022/12/27, 2022/12/8, Monjiro_2017"
0,,,,,,,
0,,,,,,,
0,Haruka_Clear,,,,,,
0,,Kizashi_S,,,,accessLabo,
0,,,,,,,
0,,,,,,,
0,,,,,,"seimeijinja, Minazuki_Rion3, ritsuuranaishi, yopei1222, haruobb, suyasuyato3, yamachan_5LC",
0,radran20,,,,oki_1192kenko,"LpXk6, oki_1192kenko, Kagami_Ryuji, lilacblueblue, Takadakavoce",
0,Daisuke_F369,,,,zenji_nio,"aoejinja, MuseeMagica, makiakari","koshian_chiba, kaedechann3"
0,Ninna_ji,,,,,"uranai_yagizaa, ryujin8jinturki, mako0350, shion0x0x, charko11spi, mangayaro","2022/9/17, Kiuiage, hireakiju68"
0,,,,,,,
0,,,,,,,
0,,,,,,,
0,,,,,,,
0,,,,,,,
0,,,,,,,
0,,,,,,,
0,,,,,,,
0,,,,,,,
0,,,,,,,
0,badassceo,,,,,"satoko_blessyou, PBVcy7GiZoKFi2k, japan50032175, saeligood, kanon_itami_Try, sayuri825, NHJcxs4pPIlPX0Q, NHJcxs4pPIlPX0Q",
0,,,,,,,
0,,,,,,,
0,,,,,,,
0,,,,,,,
0,,jurinasuehiro,,,chirori_san,"coco_369_, maru_u001, t3zlwoCONg52AML, kae4649ne, kinoshita_nw","Carriekonkatsu, shiningerikafo1"
0,konnakareha18da,,,,,"ort100sup, meidiamond, 333twinray, sangenshabutu","yoshiminpower, hotaka_tsukada"
0,yaino_group,,,,,"koichi_kawakami, mahide8, yamagata88akira, mika_n_chan1994, nanami00463354, oM4MPkb5I75QZO9","e98SnMZJchhlqjt, 2022/8/8, miurennrenn"
0,nakisyozyo,,,,,prana_mana,"nakisyozyo, 1/9, 2022/12/17, 2022/11/28, 2022/11/23, kamihito_kotoba"
0,,,,,,,
0,,sadamasa_mori,,,,"kifunejinja, awata_shrine, oyumaru000, yymrtg, AoiKoyama1","sadamasa_mori, aya_gokigen"
0,,,,,,,
0,,,,,,,
0,TukitoRyu1,,,,,"MA1YU5MI, hitsuji_photos, hoikude0874, mocchiyinc",
0,,,,,,,
0,shibasaki_art,Drmiidr,,,,adafklpp,"maccya_book, uranai_sasoriza"
0,,,,,,,
0,,,,,,,
0,,goruvictoria,,,,"Yuiphoto888, tabestation, iiaamtmk",wasurenagusa_28
0,,,,,,,
0,,goruvictoria,,,,"Yuiphoto888, tabestation, iiaamtmk",wasurenagusa_28
0,,,,,,,
0,,goruvictoria,,,,"Yuiphoto888, tabestation, iiaamtmk",wasurenagusa_28
0,,,,,,,
0,,goruvictoria,,,,"Yuiphoto888, tabestation, iiaamtmk",wasurenagusa_28
0,,,,,,,
0,,goruvictoria,,,,"Yuiphoto888, tabestation, iiaamtmk",wasurenagusa_28
0,chococo_rp,,,,,"maco_sns, _hana_iro",
0,16tea24,,,,wayu_jiyu,"hiro_signore, KIYOHAR13911665, GosyuinOmikuji",
0,,,,,,,
0,,kasegu_master,,,,,
0,,Kyoto_Ryota_F,,,,"cobraptl, kamomioyajinja",
0,,,,,,,
0,aya_sinmama,,,,,,
0,,,,,,,
0,,,,,,,
0,,shakunone,,,yuridesign_vn,"bluelotus808, Omaoma2140, misatofikiitos, Akirin18, komaList0311, Rururuu_0406, FUKUGOD, kuroyoubi14","CS60osaka1, kashiwagi84"
0,,,,,,,
0,,,,,,,
0,,,,,toyokunishrine,shiitake7919,
0,fukufukugoma,,,,,"sunwindowhana, kumejirouskume1, sainokunihirosi, NIKOchan25, kinuehirokawa, RedBullakabeco","2022/10/14, 2022/10/11, 2022/9/27, 2022/8/23, tamagowomusita"
0,apricot_candy_a,,,,spi_uranai01,"ooya_jumasy8, kenkun_jinja, apricot_candy_a, fukufuk52988398, riemann_100, hanamar79700561","yuka_nexwave, 2022/11/28, KASUGASHRINE"
0,ADHD_O_chan,,,,,DjOr9qej8SvuWoe,"ADHD_O_chan, 1/9, 2022/11/28, 2022/11/7, 2022/10/30, 2022/10/24, MomomoM_m1"
0,,,,,,,
0,,,,,,,
0,sasahiro_lif,,,,,hellwanko,
0,,,,,,,
0,,,,,,,
0,aitamanegi,,,,,necononegot,
0,,mako_chie,,,,"ZiNmt6f, uranai_oushiza, kattsun0629","2qiaLo, manami_body, 1/6, 2022/12/27, 2022/12/8, Monjiro_2017"
0,,,,,,,
0,,,,,,,
0,Haruka_Clear,,,,,,
0,,Kizashi_S,,,,accessLabo,
0,,,,,,,
0,,,,,,,
0,,,,,,"seimeijinja, Minazuki_Rion3, ritsuuranaishi, yopei1222, haruobb, suyasuyato3, yamachan_5LC",
0,radran20,,,,oki_1192kenko,"LpXk6, oki_1192kenko, Kagami_Ryuji, lilacblueblue, Takadakavoce",
0,Daisuke_F369,,,,zenji_nio,"aoejinja, MuseeMagica, makiakari","koshian_chiba, kaedechann3"
0,Ninna_ji,,,,,"uranai_yagizaa, ryujin8jinturki, mako0350, shion0x0x, charko11spi, mangayaro","2022/9/17, Kiuiage, hireakiju68"
0,,,,,,,
0,,,,,,,
0,,,,,,,
0,,,,,,,
0,,,,,,,
0,,,,,,,
0,,,,,,,
0,,,,,,,
0,,,,,,,
0,,,,,,,
0,badassceo,,,,,"satoko_blessyou, PBVcy7GiZoKFi2k, japan50032175, saeligood, kanon_itami_Try, sayuri825, NHJcxs4pPIlPX0Q, NHJcxs4pPIlPX0Q",
0,,,,,,,
0,,,,,,,
0,,,,,,,
0,,,,,,,
0,,jurinasuehiro,,,chirori_san,"coco_369_, maru_u001, t3zlwoCONg52AML, kae4649ne, kinoshita_nw","Carriekonkatsu, shiningerikafo1"
0,konnakareha18da,,,,,"ort100sup, meidiamond, 333twinray, sangenshabutu","yoshiminpower, hotaka_tsukada"
0,yaino_group,,,,,"koichi_kawakami, mahide8, yamagata88akira, mika_n_chan1994, nanami00463354, oM4MPkb5I75QZO9","e98SnMZJchhlqjt, 2022/8/8, miurennrenn"
0,nakisyozyo,,,,,prana_mana,"nakisyozyo, 1/9, 2022/12/17, 2022/11/28, 2022/11/23, kamihito_kotoba"
0,,,,,,,
0,,sadamasa_mori,,,,"kifunejinja, awata_shrine, oyumaru000, yymrtg, AoiKoyama1","sadamasa_mori, aya_gokigen"
0,,,,,,,
0,,,,,,,
0,TukitoRyu1,,,,,"MA1YU5MI, hitsuji_photos, hoikude0874, mocchiyinc",
0,,,,,,,
0,shibasaki_art,Drmiidr,,,,adafklpp,"maccya_book, uranai_sasoriza"
0,,,,,,,
